file,bucket,has_url,has_pdf,reason
"2023_Forbes_Holiday_Cocktail_Guide",FULL,true,false,"real content, prose-ish → good Vinst candidate"
"30_Best_Kombucha_Flavors_Of_All_Time_(DIY_with_Fizz)",FULL,true,false,"partial content → Vinst candidate"
"3_Ingredient_Homemade_Fermented_Ginger_Beer",STUB,true,false,"stub w/ source url → URL import"
"3_Ingredient_Sponge_Cake_-_Biskvit_-_Let_the_Baking_Begin!",FULL,true,false,"partial content → Vinst candidate"
"6_Sourdough_Bread_Rolls_daily",CLEAN,false,false,"structured ingredients + steps present"
"ABC_coctails",PDF,false,true,"content likely in PDF: attachments/ABC_coctails_1/Collectif1806-1950s_HARRY_S_ABC_OF_MIXING_COCKTAILS_FR.pdf"
"Air_Fryer_Baba_Ganoush_Eggplant",CLEAN,false,false,"structured ingredients + steps present"
"Almond_Pecan_Sheet_Cake_-_i_am_baker",STUB,true,false,"stub w/ source url → URL import"
"Ancient_cookies",CLEAN,false,false,"structured ingredients + steps present"
"Apple_Crumble_Recipe",FULL,false,false,"real content, prose-ish → good Vinst candidate"
"Apple_Pecan_Coffee_Cake",CLEAN,false,true,"structured ingredients + steps present"
"Apple_cream_pie",FULL,false,false,"real content, prose-ish → good Vinst candidate"
"Armenian_perok_cake",CLEAN,true,false,"structured ingredients + steps present"
"Authentic_Hungarian_Goulash_(Gulyás)_-_The_Daring_Gourmet",STUB,true,false,"stub w/ source url → URL import"
"Aviary’s_Bloody_Mary",FULL,false,false,"partial content → Vinst candidate"
"Avocado_brioche_sourdough_bread",FULL,true,false,"partial content → Vinst candidate"
"Banana_peel",FULL,false,false,"real content, prose-ish → good Vinst candidate"
"Bazlama_turkish_pita",FULL,false,false,"real content, prose-ish → good Vinst candidate"
"Beef_Pot_Pie_-_Good_Dinner_Mom",CLEAN,true,false,"structured ingredients + steps present"
"Beer_Batter_Fish_Made_Great_Recipe_-_Allrecipes.com",CLEAN,true,false,"structured ingredients + steps present"
"Beer_Battered_Onion_Rings_-_melissassouthernstylekitchen.com",FULL,true,false,"partial content → Vinst candidate"
"Best_Basic_Pizza_Dough_Recipe_-_Food_Republic",STUB,true,false,"stub w/ source url → URL import"
"Best_Brownies",FULL,false,false,"real content, prose-ish → good Vinst candidate"
"Best_Sourdough_Pizza_Crust_(No_Steel_or_Stone!)_-_The_Clever_Carrot",CLEAN,true,false,"structured ingredients + steps present"
"Biroche_sourdough_buns",CLEAN,false,true,"structured ingredients + steps present"
"Biscotti_Mandelbrot",FULL,false,false,"partial content → Vinst candidate"
"Black_Bean_And_Chocolate_Chili_Recipe_-_Genius_Kitchen",FULL,true,false,"partial content → Vinst candidate"
"Black_Bean_Brownies",FULL,false,false,"partial content → Vinst candidate"
"Black_Bean_Brownies_no_oats",FULL,false,false,"partial content → Vinst candidate"
"Black_Radish,_Endive_and_Apple_Salad_-_The_Washington_Post",STUB,true,false,"stub w/ source url → URL import"
"Brandy_Snaps_-_How_To_Make_Cream_Filled_Cookie_Logs",CLEAN,true,true,"structured ingredients + steps present"
"Brazilian_Cheese_Puffs_-_Pão_de_Queijo",STUB,true,false,"stub w/ source url → URL import"
"Bread_newsletter_no.12_-_by_Mary_Grace_Quigley",FULL,true,false,"partial content → Vinst candidate"
"Brine_Calculator_-_Brine_Salt_to_Water_Ratio_-_My_Fermented_Foods",FULL,true,false,"partial content → Vinst candidate"
"Brisket_rub",FULL,false,false,"partial content → Vinst candidate"
"British_Fish_and_Chips_Recipe_-_The_Daring_Gourmet",STUB,true,false,"stub w/ source url → URL import"
"Butternut_Squash_Soup_with_Garlic_Bread_—_MOB_KITCHEN",STUB,true,false,"stub w/ source url → URL import"
"CARROT_CAKE",FULL,false,false,"partial content → Vinst candidate"
"Cabbage_Manchurian_Recipe",CLEAN,true,false,"structured ingredients + steps present"
"Cabbage_Rolls_II",FULL,true,false,"partial content → Vinst candidate"
"Caramelized_apple_cake_Erasmus_recipes",FULL,true,false,"partial content → Vinst candidate"
"Cardamom_Sourdough_Bread_with_Amaretto_Soaked_Raisins_-_Healthfully_Rooted_Home",CLEAN,true,false,"structured ingredients + steps present"
"Carrot_ginger_cake",STUB,true,false,"stub w/ source url → URL import"
"Carrot_ginger_cake_2",STUB,true,false,"stub w/ source url → URL import"
"Cast_Iron_Sourdough_Focaccia_with_Apples_and_Rosemary_-_Bread_By_Elise",PDF,true,true,"content likely in PDF: attachments/Cast_Iron_Sourdough_Focaccia_with_Apples_and_Rosemary_-_Bread_By_Elise_1/Cast_Iron_Sourdough_Focaccia_with_Apples_and_Rosemary_-_Bread_By_Elise.pdf"
"Chai_masala_tea",STUB,true,false,"stub w/ source url → URL import"
"Chai_masala_tea_2",STUB,true,false,"stub w/ source url → URL import"
"Chantal's_New_York_Cheesecake_Allrecipes",FULL,true,false,"partial content → Vinst candidate"
"Cheesy_Italian_Oatmeal_Pan_Bread",FULL,false,false,"partial content → Vinst candidate"
"Chestnut_liquor_recipe",FULL,false,false,"partial content → Vinst candidate"
"Chestnut_paste",FULL,false,false,"partial content → Vinst candidate"
"Chewy_Chocolate_Peanut_Butter_Bars._-_Half_Baked_Harvest",CLEAN,true,false,"structured ingredients + steps present"
"Chewy_Oatmeal_Raisin_Cookies_Without_Butter",FULL,true,false,"real content, prose-ish → good Vinst candidate"
"Chicken_Liver_Pâté_pate",CLEAN,false,false,"structured ingredients + steps present"
"Chicken_breast_marinade",FULL,true,false,"partial content → Vinst candidate"
"Chimichurri_Sauce",FULL,false,false,"partial content → Vinst candidate"
"Chinese_salad_dressing",CLEAN,true,false,"structured ingredients + steps present"
"Chocolate_Frosting",STUB,true,false,"stub w/ source url → URL import"
"Chocolate_Mousse_Cake_Ricardo",STUB,true,false,"stub w/ source url → URL import"
"Chocolate_Mousse_RecipeTin_Eats",STUB,true,false,"stub w/ source url → URL import"
"Chuck_(number_4)_roast",FULL,true,false,"partial content → Vinst candidate"
"Classic_Eggplant_Parmesan",STUB,false,false,"stub, no url → manual"
"Classic_Lemon_Meringue_Pie_Sally's_Baking_Addiction",STUB,true,false,"stub w/ source url → URL import"
"Coffee_liqueur",FULL,false,false,"partial content → Vinst candidate"
"Corned_Beef_&_Pastrami",FULL,true,false,"partial content → Vinst candidate"
"Crack_Pie_–_If_You_Give_a_Blonde_a_Kitchen",PDF,true,true,"content likely in PDF: attachments/Crack_Pie_–_If_You_Give_a_Blonde_a_Kitchen_1/pie.pdf"
"Cranberry_Ginger_Shandy_Recipe",FULL,true,false,"partial content → Vinst candidate"
"Cream_of_mushroom_soup",CLEAN,true,false,"structured ingredients + steps present"
"Cream_סופגניות",CLEAN,true,false,"structured ingredients + steps present"
"Cretan_Beet_and_Yogurt_Salad_with_Walnuts_Greek_Food_-_Greek_Cooking_-_Greek_Recipes_by_Diane_Koc",FULL,true,false,"partial content → Vinst candidate"
"Cretan_Beet_and_Yogurt_Salad_with_Walnuts_Greek_Food_-_Greek_Cooking_-_Greek_Recipes_by_Diane_Kochil",CLEAN,true,false,"structured ingredients + steps present"
"Cretan_Beet_and_Yogurt_Salad_with_Walnuts_Greek_Food_-_Greek_Cooking_-_Greek_Recipes_by_Diane_Kochil_2",FULL,true,false,"partial content → Vinst candidate"
"Crete_slow_baked_vegtables",STUB,true,false,"stub w/ source url → URL import"
"Crete_slow_baked_vegtables_2",FULL,true,false,"partial content → Vinst candidate"
"Crispy_baked_chicken_wings",FULL,true,false,"real content, prose-ish → good Vinst candidate"
"Crispy_baked_chicken_wings_2",FULL,false,false,"partial content → Vinst candidate"
"Crispy_baked_chicken_wings_3",FULL,false,false,"partial content → Vinst candidate"
"Crown_O’Gold_Meat_Loaf",FULL,false,false,"partial content → Vinst candidate"
"Crumb_Cake_Muffins",CLEAN,true,false,"structured ingredients + steps present"
"Crunchy_Baked_Chicken_Tenders",FULL,true,false,"partial content → Vinst candidate"
"Danielle's_Italian_dressing",FULL,false,false,"real content, prose-ish → good Vinst candidate"
"Danish_Rye_Bread_2",CLEAN,true,false,"structured ingredients + steps present"
"Danish_loaf_recipe",PDF,true,true,"content likely in PDF: attachments/Danish_loaf_recipe_1/my_bare_cupboard_Danish_loaf_bread_-_3_ways_-_Cocoa_Matcha_Ube_(_purple_yam_).pdf"
"Date_&_Nut_Energy_Bites",FULL,false,false,"partial content → Vinst candidate"
"Detox_juice",FULL,false,false,"partial content → Vinst candidate"
"Drambuie_cocktail_(no_idea_the_name)",FULL,false,false,"partial content → Vinst candidate"
"Early_18th-Century_Batter_Cake",FULL,false,false,"partial content → Vinst candidate"
"Easy_One-Bowl_Yougrt_Coffee_Cake_Recipe",CLEAN,false,true,"structured ingredients + steps present"
"Easy_One-Bowl_Yougrt_Coffee_Cake_Recipe_2",FULL,false,false,"partial content → Vinst candidate"
"Eggnog",FULL,false,false,"partial content → Vinst candidate"
"Eggnog_2",FULL,false,false,"partial content → Vinst candidate"
"Electrolyte",FULL,false,false,"partial content → Vinst candidate"
"Electrolyte_Drink",FULL,false,false,"partial content → Vinst candidate"
"End-of-Season_Zucchini_and_Green_Pepper_Relish_Kitchn",STUB,true,false,"stub w/ source url → URL import"
"English_muffins",CLEAN,false,false,"structured ingredients + steps present"
"FW_Vintage_cocktail_books_-_a_timeline",FULL,true,false,"partial content → Vinst candidate"
"Flaky_Sourdough_Croissants_-_With_Step_by_Step_Instructions_-_Home_Grown_Happiness",STUB,true,false,"stub w/ source url → URL import"
"Flaky_Sourdough_Croissants_-_With_Step_by_Step_Instructions_-_Home_Grown_Happiness_2",STUB,true,false,"stub w/ source url → URL import"
"Flaky_Sourdough_Starter_Discard_Pie_Crust_(Sweet_or_Savory)_The_Perfect_Loaf",PDF,true,true,"content likely in PDF: attachments/Flaky_Sourdough_Starter_Discard_Pie_Crust_(Sweet_or_Savory)_The_Perfect_Loaf_1/Flaky_Sourdough_Starter_Discard_Pie_Crust_(Sweet_or_Savory)_The_Perfect_Loaf.pdf"
"Flaky_dough",CLEAN,false,true,"structured ingredients + steps present"
"Fluffy_Sourdough_Cornbread_—_Bless_this_Mess",STUB,true,false,"stub w/ source url → URL import"
"Focaccia",FULL,false,false,"partial content → Vinst candidate"
"Focaccia_Genovese",FULL,false,false,"partial content → Vinst candidate"
"Focaccia_Genovese_2",FULL,false,false,"partial content → Vinst candidate"
"Formented_lemons",FULL,false,false,"partial content → Vinst candidate"
"Fresh_Basil_Pesto_Recipe",PDF,true,true,"content likely in PDF: attachments/Fresh_Basil_Pesto_Recipe_1/Fresh_Basil_Pesto_Recipe.pdf"
"Fried_Cheese_Balls_From_Crete_Lemon_&_Olives_Exploring_Greek_Food_and_Culture,_The_Mediterranean_Lif",FULL,true,false,"partial content → Vinst candidate"
"Fruit_Filled_Cheesecake_Recipe_-_Allrecipes.com",FULL,true,false,"partial content → Vinst candidate"
"Garlic_buns",FULL,false,false,"partial content → Vinst candidate"
"Garlic_sauce",CLEAN,false,true,"structured ingredients + steps present"
"George_Washington’s_Cherry_Bounce_Almanac.com",STUB,true,false,"stub w/ source url → URL import"
"Georgian_Tarragon_Soda",CLEAN,false,true,"structured ingredients + steps present"
"Ginger_Snaps_Schwartz_Recipes",FULL,true,false,"partial content → Vinst candidate"
"Ginger_big_soda",FULL,false,false,"partial content → Vinst candidate"
"Gluten-Free_Vanilla_Cake_Ricardo",FULL,true,false,"partial content → Vinst candidate"
"Glyko_Karydaki_(Green_Walnuts_Preserve)_-_Kopiaste..to_Greek_Hospitality",CLEAN,true,false,"structured ingredients + steps present"
"Glyko_Karydaki_(Green_Walnuts_Preserve)_-_Kopiaste..to_Greek_Hospitality_2",FULL,true,false,"partial content → Vinst candidate"
"Greek_Yogurt_Sourdough_Flatbreads_-_Edible_Communities",STUB,true,false,"stub w/ source url → URL import"
"Greek_Yogurt_Sourdough_Flatbreads_-_Edible_Communities_2",FULL,false,false,"partial content → Vinst candidate"
"Green_Walnuts_nocino_liquor",FULL,true,false,"partial content → Vinst candidate"
"Green_Walnuts_nocino_liquor_2",FULL,false,false,"partial content → Vinst candidate"
"Grilled_Lamb_&_Fruit_Salad_with_Feta_and_Mint-Lime_Dressing",CLEAN,false,false,"structured ingredients + steps present"
"HOMEMADE_LARABARS_RECIPE",CLEAN,true,false,"structured ingredients + steps present"
"Halva",FULL,false,false,"real content, prose-ish → good Vinst candidate"
"Healthy_Nutella_–_Homemade",FULL,true,false,"real content, prose-ish → good Vinst candidate"
"Himmas_Kassa",CLEAN,false,false,"structured ingredients + steps present"
"Homemade_Baileys_Irish_Cream_Recipe_-_Averie_Cooks",STUB,true,false,"stub w/ source url → URL import"
"Homemade_Beef_Jerky_Recipe_-_Allrecipes.com",FULL,true,false,"partial content → Vinst candidate"
"Homemade_Beef_Jerky_Recipe_-_Allrecipes.com_2",FULL,false,false,"partial content → Vinst candidate"
"Homemade_Cocktail_Bitters_Recipe",FULL,true,false,"partial content → Vinst candidate"
"Homemade_Marshmallow_Fluff_Liv_for_Cake",STUB,true,false,"stub w/ source url → URL import"
"Homemade_Oatmeal_Cream_Pies",STUB,true,false,"stub w/ source url → URL import"
"Homemade_Phyllo_(or_Filo)_Dough_Recipe_Allrecipes",FULL,true,false,"partial content → Vinst candidate"
"Homemade_Pierogi",FULL,false,false,"real content, prose-ish → good Vinst candidate"
"Homemade_Pomegranate_Liqueur_10_Steps_(with_Pictures)_-_Instructables",FULL,true,false,"partial content → Vinst candidate"
"Homemade_Sourdough_Croissants_-_Aberle_Home",PDF,true,true,"content likely in PDF: attachments/Homemade_Sourdough_Croissants_-_Aberle_Home_1/sourdough_crusions.pdf"
"Honey-Roasted_Root_Vegetable_Salad_Recipe_-_Michael_Romano_Food_&_Wine",STUB,true,false,"stub w/ source url → URL import"
"Honey_Tahini_Cookies",CLEAN,false,true,"structured ingredients + steps present"
"How_I_Bake_Sourdough_Bread",FULL,false,false,"partial content → Vinst candidate"
"How_I_Bake_Sourdough_Bread_Day_1_rami_levi_bread_flour",FULL,true,false,"partial content → Vinst candidate"
"How_To_Bake_Fresh_Bread_Without_An_Oven",FULL,true,false,"partial content → Vinst candidate"
"How_To_Make_Bitters_Feasting_At_Home",FULL,true,false,"partial content → Vinst candidate"
"How_To_Make_Butter_(and_Cultured_Butter!)_Kitchn",STUB,true,false,"stub w/ source url → URL import"
"How_To_Make_Mozzarella_Cheese",FULL,true,false,"partial content → Vinst candidate"
"How_To_Make_Sourdough_Cardamom_Buns_-_Bread_By_Elise",STUB,true,false,"stub w/ source url → URL import"
"How_To_Make_Sourdough_Cardamom_Buns_-_Bread_By_Elise_2",CLEAN,false,false,"structured ingredients + steps present"
"How_to_Bake_a_Whole_Chicken_in_a_Salt_Crust_PaleoScaleo",STUB,true,false,"stub w/ source url → URL import"
"How_to_Make_Almond_Milk_Minimalist_Baker_Recipes",STUB,true,false,"stub w/ source url → URL import"
"How_to_Make_Chicken_Stock_SimplyRecipes.com",FULL,true,false,"partial content → Vinst candidate"
"How_to_Make_Japanese_Soufflé_Creme_Brûlée_Pancakes_·_i_am_a_food_blog_i_am_a_food_blog",FULL,true,false,"partial content → Vinst candidate"
"How_to_make_sticky_toffee_pudding_–_recipe_Felicity_Cloake’s_masterclass",PDF,true,true,"content likely in PDF: attachments/How_to_make_sticky_toffee_pudding_–_recipe_Felicity_Cloake’s_masterclass_1/How_to_make_sticky_toffee_pudding_–_recipe_Felicity_Cloake’s_masterclass_Food_The_Guardian.pdf"
"Hungarian_Goulash_-_Spend_With_Pennies",CLEAN,true,false,"structured ingredients + steps present"
"Hungarian_Kohlrabi_Soup_(Kalarabeleves)_-_Homemade_In_The_Kitchen",STUB,true,false,"stub w/ source url → URL import"
"Hungarian_plum_cake",CLEAN,true,false,"structured ingredients + steps present"
"Indian_barfi_fudge",CLEAN,true,false,"structured ingredients + steps present"
"Italian_marinade",FULL,false,false,"partial content → Vinst candidate"
"Item_shared_with_you_Triple_Chocolate_Mousse_Torte_-_A_baJillian_Recipes.pdf_",FULL,true,false,"partial content → Vinst candidate"
"Jacques_Torres_Chocolate_Chip_Cookies",FULL,false,false,"real content, prose-ish → good Vinst candidate"
"Jacques_Torres_Chocolate_Chip_Cookies_Bake_or_Break",PDF,true,true,"content likely in PDF: attachments/Jacques_Torres_Chocolate_Chip_Cookies_Bake_or_Break_1/Jacques_Torres_Chocolate_Chip_Cookies_Bake_or_Break.pdf"
"Jam_cake",FULL,true,false,"partial content → Vinst candidate"
"KITCHEN_CURATIONS_BLACK_BEAN_BROWNIES,_3_WAYS_—_Nutrition_Curator",STUB,true,false,"stub w/ source url → URL import"
"Kalua_recipe",FULL,true,false,"partial content → Vinst candidate"
"Karaage_(Japanese_Fried_Chicken)_唐揚げ_•_Just_One_Cookbook",STUB,true,false,"stub w/ source url → URL import"
"Kasha",FULL,false,false,"real content, prose-ish → good Vinst candidate"
"Kitchn_How_To_Make_the_Very_Best_Sweet_Cornbread",CLEAN,false,true,"structured ingredients + steps present"
"Kolrabi_pickels",CLEAN,false,true,"structured ingredients + steps present"
"Kubaneh_Recipe_Cuisine_Fiend",STUB,true,false,"stub w/ source url → URL import"
"Latvian_cold_beet_soup",CLEAN,false,true,"structured ingredients + steps present"
"Lekvar_(Prune_Butter)",FULL,true,false,"partial content → Vinst candidate"
"Lekvar_(Prune_Filling_or_Prune_Butter)",CLEAN,true,false,"structured ingredients + steps present"
"Lemon_Buttermilk_Muffin",FULL,false,false,"partial content → Vinst candidate"
"Lemon_Buttermilk_Muffin_2",FULL,false,false,"partial content → Vinst candidate"
"Lemon_Pound_Cake_-_Once_Upon_a_Chef",FULL,true,false,"partial content → Vinst candidate"
"MARGARITA",FULL,false,false,"partial content → Vinst candidate"
"Mac_pasta",FULL,false,false,"partial content → Vinst candidate"
"Magic_Three_Layer_Custard_Cake",CLEAN,true,true,"structured ingredients + steps present"
"Make_Your_Own_Herbes_De_Provence",FULL,false,false,"partial content → Vinst candidate"
"Make_Your_Own_Slow_Cooker_Beef_Bone_Broth",STUB,true,false,"stub w/ source url → URL import"
"Make_Your_Own_Slow_Cooker_Beef_Bone_Broth_2",CLEAN,true,false,"structured ingredients + steps present"
"Mango_Pickle_Recipe_(South_Indian_Style)_-_Swasthi's_Recipes",STUB,true,false,"stub w/ source url → URL import"
"Marcella_Hazan's_4-Ingredient_Tomato_Sauce_Recipe_The_Kitchn",STUB,true,false,"stub w/ source url → URL import"
"Masapan_(Marzipan)_—_Jewish_Food_Society",FULL,true,false,"partial content → Vinst candidate"
"Mascarpone_Mousse_Recipe_-_Food.com",CLEAN,true,false,"structured ingredients + steps present"
"Mascarpone_and_Sweet_Cream_Ice_Cream_Recipe_no-churn_ice_cream",CLEAN,false,false,"structured ingredients + steps present"
"Meat_6_recipe",FULL,false,false,"partial content → Vinst candidate"
"Meat_Pie_recipe!_RecipeTin_Eats",STUB,true,false,"stub w/ source url → URL import"
"Meat_berakos",FULL,true,false,"partial content → Vinst candidate"
"Meat_berakos_2",FULL,true,false,"partial content → Vinst candidate"
"Meatballs_with_Any_Meat",FULL,true,false,"partial content → Vinst candidate"
"Mozzarella",CLEAN,false,true,"structured ingredients + steps present"
"Mushroom_Potpie",CLEAN,true,false,"structured ingredients + steps present"
"Napoleon",FULL,true,false,"partial content → Vinst candidate"
"Naturally_Leavened_Bomboloni_(Doughnuts)_סופגניות",PDF,true,true,"content likely in PDF: attachments/Naturally_Leavened_Bomboloni_(Doughnuts)_סופגניות_1/Naturally_Leavened_Bomboloni_(Doughnuts)_The_Perfect_Loaf.pdf"
"New_York_Style_Sourdough_Bagels_BAKED",STUB,true,false,"stub w/ source url → URL import"
"New_York_Style_Sourdough_Bagels_BAKED_2",FULL,false,false,"partial content → Vinst candidate"
"New_York_Style_Sourdough_Bagels_BAKED_3",CLEAN,true,false,"structured ingredients + steps present"
"Ninja_Grilled_Salmon",FULL,true,false,"partial content → Vinst candidate"
"Ninja_Woodfire_Grill_Smoky_Whole_Chicken_-_Grill_What_You_Love",FULL,true,false,"partial content → Vinst candidate"
"No_Bake_Cheesecake_With_Condensed_Milk_-_Cooking_With_Carlee",STUB,true,false,"stub w/ source url → URL import"
"Non-Traditional_Passover_Carrot_Cake",FULL,true,false,"partial content → Vinst candidate"
"Nougat",FULL,false,false,"real content, prose-ish → good Vinst candidate"
"Oatmeal_Creme_Pies",FULL,true,false,"partial content → Vinst candidate"
"Oatmeal_עוגיות",FULL,false,false,"partial content → Vinst candidate"
"Old_Fashioned_Potato_Knishes_–_Kosher_From_Jerusalem",FULL,true,false,"partial content → Vinst candidate"
"Onion_rings",FULL,false,false,"partial content → Vinst candidate"
"Overnight_Baked_Blueberry_Muffin_Oatmeal_-_A_Beautiful_Mess",CLEAN,true,false,"structured ingredients + steps present"
"Overnight_waffle",CLEAN,false,true,"structured ingredients + steps present"
"PIANA_BIANKO_פאנה_ביאנקו_לחם_איטלקי",PDF,true,true,"content likely in PDF: attachments/PIANA_BIANKO_פאנה_ביאנקו_לחם_איטלקי_1/PIANA_BIANKO.pdf"
"PICKLED_ARTICHOKES",CLEAN,false,true,"structured ingredients + steps present"
"Paneer",FULL,false,false,"partial content → Vinst candidate"
"Pastila",FULL,true,false,"partial content → Vinst candidate"
"Pecan_Pie_Cheesecake_Recipe",CLEAN,true,false,"structured ingredients + steps present"
"Perfect_Pumpkin_Pie_Recipe_Allrecipes",STUB,true,false,"stub w/ source url → URL import"
"Perfect_Pumpkin_Pie_Recipe_Allrecipes_2",FULL,false,false,"partial content → Vinst candidate"
"Pickled_Tongue_Recipe_Serious_Eats",FULL,true,false,"partial content → Vinst candidate"
"Pickled_Tongue_Recipe_Serious_Eats_2",FULL,true,false,"partial content → Vinst candidate"
"Pickled_Tongue_Recipe_Serious_Eats_3",FULL,true,false,"partial content → Vinst candidate"
"Pickling_Spice",FULL,false,false,"partial content → Vinst candidate"
"Pickling_spices",FULL,false,false,"partial content → Vinst candidate"
"Pipitada_(Melon_Seed_Drink)",CLEAN,true,false,"structured ingredients + steps present"
"Polish_cheese_cake",FULL,false,false,"partial content → Vinst candidate"
"Pot_Roast_RecipeTin_Eats",STUB,true,false,"stub w/ source url → URL import"
"Potato_Blintzes",FULL,false,false,"partial content → Vinst candidate"
"Protein_Bars_Recipe_Alton_Brown_Food_Network",FULL,true,false,"partial content → Vinst candidate"
"Pumpkin_Roll_Oh_So_Delicioso",STUB,true,false,"stub w/ source url → URL import"
"Pumpkin_scones",FULL,false,false,"partial content → Vinst candidate"
"Quiche_flakey_dough",FULL,false,false,"partial content → Vinst candidate"
"Quinine-free_Tonic_Water_Recipe_Summer_Fruit_Cup",FULL,true,false,"partial content → Vinst candidate"
"Quinine-free_Tonic_Water_Recipe_Summer_Fruit_Cup_2",FULL,false,false,"partial content → Vinst candidate"
"Quinine-free_Tonic_Water_Recipe_Summer_Fruit_Cup_3",FULL,false,false,"partial content → Vinst candidate"
"Quinine-free_Tonic_Water_Recipe_Summer_Fruit_Cup_4",FULL,false,false,"partial content → Vinst candidate"
"Ratatouille_Recipe_by_Tasty",CLEAN,true,true,"structured ingredients + steps present"
"Recipe-Wampanoag-Puttuckqunnege-Boiled-or-Baked-Breads.pdf",PDF,true,true,"content likely in PDF: attachments/Recipe-Wampanoag-Puttuckqunnege-Boiled-or-Baked-Breads.pdf_1/Recipe-Wampanoag-Puttuckqunnege-Boiled-or-Baked-Breads.pdf"
"Roasted_Eggplant_with_Meat_Sauce",FULL,false,false,"partial content → Vinst candidate"
"Roasted_Eggplant_with_Meat_Sauce_2",FULL,false,false,"partial content → Vinst candidate"
"Roasted_Sweet_Potatoes_Chelsea's_Messy_Apron",STUB,true,false,"stub w/ source url → URL import"
"Root_Beer_Recipe_From_Scratch",FULL,true,false,"partial content → Vinst candidate"
"SOFT_SOURDOUGH_ROLLS_WITH_TANGZHONG",FULL,false,false,"partial content → Vinst candidate"
"SPICE_SQUARES_WITH_MOLASSES_WHIPPED_CREAM",FULL,false,false,"partial content → Vinst candidate"
"Saffron_Vanilla_Donuts",FULL,true,false,"partial content → Vinst candidate"
"Sandwich_sourdough",FULL,true,false,"partial content → Vinst candidate"
"Scotch_Cookies",FULL,false,false,"partial content → Vinst candidate"
"Scotch_Cookies_2",FULL,false,false,"partial content → Vinst candidate"
"Scottish_fried_chicken",FULL,false,false,"partial content → Vinst candidate"
"Secret_Ingredient_Sourdough_Cornbread_-_The_Clever_Carrot",CLEAN,true,false,"structured ingredients + steps present"
"Seville_Orange_Marmalade",CLEAN,true,false,"structured ingredients + steps present"
"Shepard's_pie",PDF,false,true,"content likely in PDF: attachments/Shepard's_pie_1/The_Best_Classic_Shepherd's_Pie_-_The_Wholesome_Dish.pdf"
"Shepard’s_Pie",FULL,true,false,"partial content → Vinst candidate"
"Shepherd's_Pie",FULL,true,false,"partial content → Vinst candidate"
"Simple_Sourdough_Ciabatta_Bread_Alexandra's_Kitchen",FULL,true,false,"partial content → Vinst candidate"
"Simple_Sourdough_Focaccia_Bread_Recipe_Alexandra's_Kitchen",STUB,true,false,"stub w/ source url → URL import"
"Simple_Whole_Roasted_Chicken_Recipe_-_Allrecipes.com",STUB,false,false,"stub, no url → manual"
"Simple_Whole_Roasted_Chicken_Recipe_-_Allrecipes.com_2",CLEAN,true,false,"structured ingredients + steps present"
"Simple_Whole_Roasted_Chicken_Recipe_-_Allrecipes.com_3",CLEAN,true,false,"structured ingredients + steps present"
"Slow-Cooked_Boeuf_Bourguignon",FULL,true,false,"partial content → Vinst candidate"
"Slow-Roast_Gochujang_Chicken_Recipe_Bon_Appetit",CLEAN,true,false,"structured ingredients + steps present"
"Slow-Roast_Gochujang_Chicken_Recipe_Bon_Appetit_2",FULL,true,false,"partial content → Vinst candidate"
"Slow-Roast_Gochujang_Chicken_Recipe_Bon_Appetit_3",FULL,true,false,"partial content → Vinst candidate"
"Slow_cooker_beef_stew_recipe_BBC_Good_Food",FULL,true,false,"partial content → Vinst candidate"
"Slow_cooker_beef_stew_recipe_BBC_Good_Food_2",FULL,false,false,"partial content → Vinst candidate"
"Smoked_Duck_Breast",FULL,true,false,"partial content → Vinst candidate"
"Smoked_Mulled_Wine_Recipe_Traeger_Grills",CLEAN,true,false,"structured ingredients + steps present"
"Smoked_Mulled_Wine_Recipe_Traeger_Grills_2",FULL,false,false,"real content, prose-ish → good Vinst candidate"
"Smoked_Pastrami_–_Extraordinary_BBQ",FULL,true,false,"partial content → Vinst candidate"
"Smoked_Salt_Cured_Lox_Traeger_Grills",CLEAN,false,true,"structured ingredients + steps present"
"Soft_Sourdough_Pretzels_Recipe_-_Easy_Overnight!_-_Little_Spoon_Farm",FULL,true,false,"partial content → Vinst candidate"
"Soft_and_Fluffy_Overnight_Sourdough_Rolls_•_Heartbeet_Kitchen",PDF,true,true,"content likely in PDF: attachments/Soft_and_Fluffy_Overnight_Sourdough_Rolls_•_Heartbeet_Kitchen_1/Soft_and_Fluffy_Overnight_Sourdough_Rolls_•_Heartbeet_Kitchen.pdf"
"Soft_and_Fluffy_Overnight_Sourdough_Rolls_•_Heartbeet_Kitchen_2",FULL,true,false,"partial content → Vinst candidate"
"Soufico,_One-pot_Vegetable_Stew_Mediterranean_Diet,_Healthy_Greek_&_Blue_Zone_Ikaria_Longevity_Recip",CLEAN,true,false,"structured ingredients + steps present"
"SourDough_Kulchas",FULL,false,false,"partial content → Vinst candidate"
"Sourdough_Biscuits_recipe_Epicurious.com",CLEAN,true,false,"structured ingredients + steps present"
"Sourdough_Brioche_Buns_with_Sourdough_Starter_-_Veena_Azmanov",CLEAN,true,false,"structured ingredients + steps present"
"Sourdough_Brioche_Buns_with_Sourdough_Starter_-_Veena_Azmanov_2",STUB,false,false,"stub, no url → manual"
"Sourdough_Cardamom_Rolls",CLEAN,false,false,"structured ingredients + steps present"
"Sourdough_Cardamom_Rolls_stiff_starter",CLEAN,false,false,"structured ingredients + steps present"
"Sourdough_Cheddar_Crackers_-_Tummy_Friendly_Fermented_Grain_And_Real_Cheddar_Cheese_•_Butter_For_All",STUB,true,false,"stub w/ source url → URL import"
"Sourdough_Cheesy_Garlic_Pull_Apart_Bread_-_MyLoveOfBaking",STUB,true,false,"stub w/ source url → URL import"
"Sourdough_Chocolate_Chip_Cookie_—_The_Boy_Who_Bakes",CLEAN,true,false,"structured ingredients + steps present"
"Sourdough_Cinnamon_Raisin_Bagels_-_Home_Grown_Happiness",PDF,true,true,"content likely in PDF: attachments/Sourdough_Cinnamon_Raisin_Bagels_-_Home_Grown_Happiness_1/cinnamon_bagels_.pdf"
"Sourdough_Cinnamon_Rolls",FULL,true,false,"partial content → Vinst candidate"
"Sourdough_Cinnamon_Rolls_Recipe",PDF,true,true,"content likely in PDF: attachments/Sourdough_Cinnamon_Rolls_Recipe_1/Sourdough_Cinnamon_Rolls_Recipe_-_Little_Spoon_Farm.pdf"
"Sourdough_Cloud_Cake_(Vanilla–Citrus)",FULL,false,false,"real content, prose-ish → good Vinst candidate"
"Sourdough_Dinner_Rolls_-_Scotch_&_Scones",CLEAN,true,false,"structured ingredients + steps present"
"Sourdough_Discard_Monkey_Bread_[cinnamon_pull_apart]_-_The_Pantry_Mama",STUB,true,false,"stub w/ source url → URL import"
"Sourdough_English_Muffins",FULL,true,false,"partial content → Vinst candidate"
"Sourdough_Glass_Bread_(Pan_de_Cristal)_–_Breadtopia",CLEAN,true,true,"structured ingredients + steps present"
"Sourdough_Glass_Bread_(Pan_de_Cristal)_–_Breadtopia_3",CLEAN,false,false,"structured ingredients + steps present"
"Sourdough_Hamburger_Buns_-_Farmhouse_on_Boone",PDF,true,true,"content likely in PDF: attachments/Sourdough_Hamburger_Buns_-_Farmhouse_on_Boone_1/Sourdough_Hamburger_Buns_-_Farmhouse_on_Boone.pdf"
"Sourdough_Naan_Flatbread",FULL,false,false,"real content, prose-ish → good Vinst candidate"
"Sourdough_Pancakes_&_Waffles",FULL,true,false,"real content, prose-ish → good Vinst candidate"
"Sourdough_Pancakes_&_Waffles_2",FULL,false,false,"partial content → Vinst candidate"
"Sourdough_Panettone",FULL,true,false,"partial content → Vinst candidate"
"Sourdough_Pie_Crust_-_Baking_Sense(R)",CLEAN,true,false,"structured ingredients + steps present"
"Sourdough_Pizza_Crust_(step_by_step)_Vanilla_And_Bean",STUB,true,false,"stub w/ source url → URL import"
"Sourdough_Pizza_Crust_(step_by_step)_Vanilla_And_Bean_2",FULL,true,false,"partial content → Vinst candidate"
"Sourdough_Pumpkin_Cream_Cheese_Muffins_–_Sourdough_Brandon",PDF,true,true,"content likely in PDF: attachments/Sourdough_Pumpkin_Cream_Cheese_Muffins_–_Sourdough_Brandon_1/Sourdough_Pumpkin_Cream_Cheese_Muffins_-_Sourdough_Brandon.pdf"
"Sourdough_Rough_Puff_Pastry",CLEAN,true,false,"structured ingredients + steps present"
"Sourdough_Rye_Bread_Recipe_[hearty_+_rustic]_-_The_Pantry_Mama",STUB,true,false,"stub w/ source url → URL import"
"Sourdough_Teff_Lachuch_(Yemenite-Style_Pancakes)",FULL,false,false,"real content, prose-ish → good Vinst candidate"
"Sourdough_Vegan_Hokkaido_Milk_Bread",FULL,true,false,"partial content → Vinst candidate"
"Sourdough_Waffles_Recipe",FULL,true,false,"partial content → Vinst candidate"
"Sourdough_chocolate_babka",CLEAN,true,false,"structured ingredients + steps present"
"Sourdough_pita_bread",FULL,false,false,"partial content → Vinst candidate"
"Sourdough_pita_bread_recipe_-_Super_easy,_the_best_recipe_-_Foodgeek",STUB,true,false,"stub w/ source url → URL import"
"Sourdough_potato_hamburger_buns",FULL,true,true,"real content, prose-ish → good Vinst candidate"
"Sourdough_sandwich_bread",FULL,false,false,"partial content → Vinst candidate"
"Sourdough_tortilla",FULL,false,false,"partial content → Vinst candidate"
"Spanakopita_(Greek_spinach_pie)_recipe_-_Recipes_-_delicious.com.au",CLEAN,false,true,"structured ingredients + steps present"
"Spelt_rolls",CLEAN,false,true,"structured ingredients + steps present"
"Sticky_Shiitake_Mushrooms",FULL,true,false,"partial content → Vinst candidate"
"Stuffed_cabbage",FULL,false,false,"partial content → Vinst candidate"
"Swedish_Wort-bread",PDF,false,true,"content likely in PDF: attachments/Swedish_Wort-bread_1/Wort-bread-2-sheet-version.pdf"
"Swedish_meatballs",STUB,false,false,"stub, no url → manual"
"Sweet_Potato_Sourdough_Cinnamon_Rolls",FULL,true,false,"partial content → Vinst candidate"
"Sweet_Potato_Sourdough_Cinnamon_Rolls_—_Smaller_Batch",FULL,false,false,"partial content → Vinst candidate"
"Swirled_Garlic_Herb_Bread._-_Half_Baked_Harvest",FULL,true,false,"partial content → Vinst candidate"
"Swirled_Garlic_Herb_Bread._-_Half_Baked_Harvest_2",STUB,false,false,"stub, no url → manual"
"Swirled_Garlic_Herb_Bread._-_Half_Baked_Harvest_3",FULL,false,false,"partial content → Vinst candidate"
"Switchel_(Haymaker’s_Punch)",FULL,false,false,"partial content → Vinst candidate"
"The_Best_Fudgy_Brownies_Recipe_by_Tasty",CLEAN,true,false,"structured ingredients + steps present"
"The_Best_Gluten-Free_Battered_Cauliflower_Recipe_Gluten-Free_Foodee",STUB,true,false,"stub w/ source url → URL import"
"The_Best_Recipe_for_Roasted_Chickpeas_A_Healthy_Snack_Foodal.com",STUB,true,false,"stub w/ source url → URL import"
"The_Best_Sourdough_Brioche_Bread",STUB,true,false,"stub w/ source url → URL import"
"The_Best_Sourdough_Cinnamon_Rolls",PDF,false,true,"content likely in PDF: attachments/The_Best_Sourdough_Cinnamon_Rolls_1/The_Best_Sourdough_Cinnamon_Rolls.pdf"
"The_Best_Sourdough_Cinnamon_Rolls_2",FULL,false,false,"partial content → Vinst candidate"
"The_Guardian_Nigel_Slater’s_recipes_for_raspberry_and_apricot_shortcake,_and_apricot_and_harissa_chu",FULL,true,false,"partial content → Vinst candidate"
"The_Herb_Gardener_How_to_Make_Sage_Oil",FULL,true,false,"partial content → Vinst candidate"
"The_Real_Mushroom_Soup",FULL,false,false,"partial content → Vinst candidate"
"The_Very_Best_Corned_Beef_and_Cabbage",STUB,false,false,"stub, no url → manual"
"This_German_Potato_Salad_Is_Even_Better_on_Day_2",STUB,true,false,"stub w/ source url → URL import"
"Tiramisù",CLEAN,false,false,"structured ingredients + steps present"
"Tomato_jam,_keeping_sunshine_in_a_jar_-_Eat_Yourself_Greek",STUB,true,false,"stub w/ source url → URL import"
"Tourlou",FULL,false,false,"partial content → Vinst candidate"
"Traditional_Greek_Galaktoboureko_recipe_(Greek_Custard_Pie_with_Syrup)_-_My_Greek_Dish",STUB,true,false,"stub w/ source url → URL import"
"Triple_Chocolate_Mousse_Torte",STUB,true,false,"stub w/ source url → URL import"
"Turkish_pitta",FULL,false,false,"partial content → Vinst candidate"
"Vanilla_Diplomat_Cream",CLEAN,false,true,"structured ingredients + steps present"
"Vanilla_cake_in_amug",FULL,false,false,"partial content → Vinst candidate"
"Vegan_Bechamel_Sauce",FULL,true,false,"real content, prose-ish → good Vinst candidate"
"Vegan_Gluten-Free_Black_Bean_Brownies_Minimalist_Baker_Recipes",STUB,true,false,"stub w/ source url → URL import"
"Vegan_Hokkaido_Milk_Bread_-_Domestic_Gothess",STUB,true,false,"stub w/ source url → URL import"
"Vegan_Hu_Tieu_Recipe_How_to_Make_a_Light,_Flavorful_at_Home_Vo_Uy_Vegetarian_Restaurant",CLEAN,true,false,"structured ingredients + steps present"
"Vegan_Whipped_Cream_(NO_coconut!)_-_Nora_Cooks",FULL,true,false,"real content, prose-ish → good Vinst candidate"
"Vegetarian_Cauliflower_Buffalo_Bites",FULL,false,false,"partial content → Vinst candidate"
"Venetian_Charoset",FULL,false,false,"partial content → Vinst candidate"
"Walnut_Cranberry_Sourdough_Bread_Recipe_Foodgeek",STUB,true,false,"stub w/ source url → URL import"
"Walnut_cranberry_sourdough",CLEAN,true,false,"structured ingredients + steps present"
"Walnut_toffee",FULL,true,false,"partial content → Vinst candidate"
"Wasabi_Roasted_Chickpeas",STUB,true,false,"stub w/ source url → URL import"
"West_Coast_Onions",FULL,false,false,"partial content → Vinst candidate"
"White_House_Pecan_Pie",CLEAN,false,true,"structured ingredients + steps present"
"Whole_wheat_pizza",FULL,false,false,"partial content → Vinst candidate"
"Whole_wheat_sourdough",FULL,false,false,"partial content → Vinst candidate"
"Wild_Mushroom_Flatbread_with_Basil_Oil_Drizzle",FULL,false,false,"partial content → Vinst candidate"
"World’s_Best_Pumpkin_Soup",FULL,true,false,"partial content → Vinst candidate"
"You_can_cook_THIS_brisket!",PDF,true,true,"content likely in PDF: attachments/You_can_cook_THIS_brisket!_1/You_can_cook_THIS_brisket!.pdf"
"Zucchini_Cauliflower_Summer_Gratin_and_a_Giveaway!_Relishing_It",CLEAN,true,false,"structured ingredients + steps present"
"_כבאנה_תימנית_עם_מחמצת_יבשה_(גרסה_מודרנית_לשבת)",CLEAN,false,false,"structured ingredients + steps present"
"amazake_drink",CLEAN,true,false,"structured ingredients + steps present"
"apple_studel",FULL,false,false,"partial content → Vinst candidate"
"arroz-rojo",FULL,false,false,"partial content → Vinst candidate"
"basic_sourdough",CLEAN,true,false,"structured ingredients + steps present"
"basic_sourdough_2_loafs",CLEAN,false,false,"structured ingredients + steps present"
"best_fries",CLEAN,false,false,"structured ingredients + steps present"
"bread",FULL,false,false,"partial content → Vinst candidate"
"cabbage_salads",FULL,false,false,"partial content → Vinst candidate"
"chicken_breast_on_a_Ninja_Woodfire_Electric_Grill,",FULL,false,false,"partial content → Vinst candidate"
"chili_peanut_Brownies",FULL,true,false,"partial content → Vinst candidate"
"chilli_con_carne",FULL,false,false,"partial content → Vinst candidate"
"chocolate_cake_base",FULL,false,false,"partial content → Vinst candidate"
"chocolate_cake_base_2",FULL,false,false,"partial content → Vinst candidate"
"chocolate_cake_base_3",FULL,false,false,"partial content → Vinst candidate"
"chocolate_cream_cake",PDF,false,true,"content likely in PDF: attachments/chocolate_cream_cake_1/Ding_Dong_Cake_-_i_am_baker.pdf"
"cinnamon_roll_in_a_mug",FULL,false,false,"partial content → Vinst candidate"
"classic_moussaka_recipe_without_potatoes_(meat_and_milk_together)",CLEAN,false,false,"structured ingredients + steps present"
"coffee-cake-muffins",STUB,true,false,"stub w/ source url → URL import"
"coffee_butter_muffins",FULL,false,false,"partial content → Vinst candidate"
"coffee_cake",FULL,false,false,"partial content → Vinst candidate"
"cookies",FULL,false,false,"partial content → Vinst candidate"
"cream_cheese_coffee_cake",CLEAN,false,true,"structured ingredients + steps present"
"curd_meat_basturma_בסטרומה",FULL,true,false,"partial content → Vinst candidate"
"curd_meat_basturma_בסטרומה_2",FULL,false,false,"partial content → Vinst candidate"
"curd_meat_basturma_בסטרומה_3",FULL,false,false,"partial content → Vinst candidate"
"curd_meat_basturma_בסטרומה_4",FULL,false,false,"partial content → Vinst candidate"
"curd_meat_basturma_בסטרומה_5",FULL,false,false,"partial content → Vinst candidate"
"danish_rye_bread",STUB,true,false,"stub w/ source url → URL import"
"enchiladas",FULL,true,false,"partial content → Vinst candidate"
"ethiopian_spiced_clarified_butter_niter_kibbeh",STUB,true,false,"stub w/ source url → URL import"
"falafel",FULL,true,false,"partial content → Vinst candidate"
"fire_cider",CLEAN,false,false,"structured ingredients + steps present"
"fish_jerky",PDF,false,true,"content likely in PDF: attachments/fish_jerky_1/Homemade_Jerk_Flavored_Fish_Jerky_Recipe_--_Paleo,_Frugal,_and_Easy.pdf"
"fugie_brownies",FULL,true,false,"real content, prose-ish → good Vinst candidate"
"garlic_ginger_chicken",CLEAN,false,true,"structured ingredients + steps present"
"garlic_pickle_recipe_lahsun_achar_Punjabi_lahsun_achar_",CLEAN,true,false,"structured ingredients + steps present"
"gin_&_basel_smash",FULL,false,false,"partial content → Vinst candidate"
"greek_musaka",FULL,false,false,"partial content → Vinst candidate"
"ground_beef_jerky",FULL,true,false,"partial content → Vinst candidate"
"hallomi_rennet",FULL,true,false,"partial content → Vinst candidate"
"icecream_for_espresso",PDF,false,true,"content likely in PDF: attachments/icecream_for_espresso_1/The_Ultimate_Series_—_James_Hoffmann.pdf"
"kamucha",PDF,false,true,"content likely in PDF: attachments/kamucha_1/Simple_Guide_to_Kickass_Kombucha_Printable.pdf"
"keftedes_greek_meatballs",STUB,true,false,"stub w/ source url → URL import"
"keto_brownies",FULL,true,false,"partial content → Vinst candidate"
"keto_brownies_2",STUB,false,false,"stub, no url → manual"
"khachapuri-georgian-cheese-bread",FULL,true,false,"partial content → Vinst candidate"
"khachapuri-georgian-cheese-bread_2",CLEAN,true,false,"structured ingredients + steps present"
"lower_gluten_sourdough",STUB,false,false,"stub, no url → manual"
"mac_and_cheese",FULL,false,false,"real content, prose-ish → good Vinst candidate"
"mousse",FULL,false,false,"partial content → Vinst candidate"
"mousse_2",FULL,false,false,"partial content → Vinst candidate"
"mozarella",FULL,true,false,"partial content → Vinst candidate"
"mozzarella_3",FULL,false,false,"real content, prose-ish → good Vinst candidate"
"murder_cookies",FULL,false,false,"partial content → Vinst candidate"
"nachos",FULL,false,false,"partial content → Vinst candidate"
"no_subject",FULL,false,false,"partial content → Vinst candidate"
"no_subject_2",FULL,true,false,"partial content → Vinst candidate"
"nutella_brownies",FULL,false,false,"partial content → Vinst candidate"
"paper_bag_apple_pie",PDF,true,true,"content likely in PDF: attachments/paper_bag_apple_pie_1/Apple_Pie_in_a_Brown_Paper_Bag_-_Printer_Friendly_-_Allrecipes.com.pdf"
"pickled_beets_סלק_כבוש",FULL,false,false,"partial content → Vinst candidate"
"pizza",FULL,false,false,"partial content → Vinst candidate"
"polish_cream_cheese_coffee_cake",CLEAN,false,true,"structured ingredients + steps present"
"polish_cream_cheese_coffee_cake_2",FULL,false,false,"partial content → Vinst candidate"
"potatoes",FULL,true,false,"partial content → Vinst candidate"
"pretzel",CLEAN,false,true,"structured ingredients + steps present"
"pretzel_2",FULL,false,false,"partial content → Vinst candidate"
"pretzel_3",FULL,false,false,"partial content → Vinst candidate"
"pumpkin_spice_melange",FULL,false,false,"partial content → Vinst candidate"
"quiche",FULL,false,false,"partial content → Vinst candidate"
"raspberry_cheese_cake",CLEAN,false,false,"structured ingredients + steps present"
"roast-potatoes",FULL,true,false,"partial content → Vinst candidate"
"roast_vegetables_at_218c",STUB,false,false,"stub, no url → manual"
"sage_bread",FULL,true,false,"partial content → Vinst candidate"
"salt_brining_calculator",FULL,true,false,"partial content → Vinst candidate"
"semolina_and_almond_cookies",FULL,false,false,"partial content → Vinst candidate"
"shepherds_pie",CLEAN,false,true,"structured ingredients + steps present"
"smashed-burger",FULL,true,false,"partial content → Vinst candidate"
"soft_homemade_flour_tortillas",FULL,true,false,"partial content → Vinst candidate"
"sourcream_coffee_cake",STUB,false,false,"stub, no url → manual"
"sourdough_chocolate_chip_cookies",CLEAN,true,false,"structured ingredients + steps present"
"spice_cake",FULL,false,false,"partial content → Vinst candidate"
"spicy_fish_balls",CLEAN,false,true,"structured ingredients + steps present"
"sprouted_bean_salad",STUB,true,false,"stub w/ source url → URL import"
"sprouted_bean_salad_2",FULL,true,false,"partial content → Vinst candidate"
"stabilized-whipped-cream",CLEAN,true,false,"structured ingredients + steps present"
"tarka_dhal",FULL,true,false,"partial content → Vinst candidate"
"unbaked_cookies",FULL,false,false,"partial content → Vinst candidate"
"vegi_meat",FULL,true,false,"real content, prose-ish → good Vinst candidate"
"walnut_cream_roll",FULL,false,false,"partial content → Vinst candidate"
"׃tuna_steak",FULL,false,false,"real content, prose-ish → good Vinst candidate"
"אגרול_מדפי_אורז",CLEAN,false,true,"structured ingredients + steps present"
"אסאדו_בסיר_-_מתכון_פטנט",FULL,true,false,"partial content → Vinst candidate"
"אסאדו_בתנור_חמש_דקות_עבודה,_ארבע_שעות_בתנור_-_דובדבנים_-_הארץ",FULL,true,false,"partial content → Vinst candidate"
"בורקס",FULL,true,false,"real content, prose-ish → good Vinst candidate"
"בורקס_2",CLEAN,true,false,"structured ingredients + steps present"
"בצק_פילו,_מה_עושים_איתו_גזור_ושמור!_-_שבי_רגע",FULL,true,false,"partial content → Vinst candidate"
"בקלוואה_ביתית_קלה_להכנה",FULL,true,false,"partial content → Vinst candidate"
"בקלוואה_מתכון_מנצח_והכי_קל_שיש_-_מתכונים_ב-10_דקות",FULL,true,false,"partial content → Vinst candidate"
"בראוניז_שעועית_שחורה_פאדג׳יים",FULL,false,false,"partial content → Vinst candidate"
"גרנולה",FULL,false,false,"partial content → Vinst candidate"
"דניס",FULL,true,false,"partial content → Vinst candidate"
"זיתים_כבושים",FULL,false,false,"partial content → Vinst candidate"
"חומוס_להמונים",CLEAN,false,true,"structured ingredients + steps present"
"חומוס_עצלנים_",FULL,false,false,"partial content → Vinst candidate"
"חטיף_תמרים_וקקאו",FULL,false,false,"partial content → Vinst candidate"
"חטיף_תמרים_וקקאו_2",FULL,false,false,"partial content → Vinst candidate"
"חלב_וגבינת_שקדים",FULL,true,false,"partial content → Vinst candidate"
"חלומי",FULL,false,false,"partial content → Vinst candidate"
"חמוצים_בסגנון_סוהו_-_קרוטית_-_Krutit",FULL,true,false,"partial content → Vinst candidate"
"חריימה_טריפולטאי",CLEAN,false,true,"structured ingredients + steps present"
"חתיף_תמרים_ואגוזים",FULL,true,false,"partial content → Vinst candidate"
"טארט_דבש_מלוח",FULL,true,false,"partial content → Vinst candidate"
"ירקות_מעורבים_כבושים",FULL,false,false,"partial content → Vinst candidate"
"כרובית",FULL,false,false,"real content, prose-ish → good Vinst candidate"
"לביבות",FULL,false,false,"partial content → Vinst candidate"
"לחם_כוסמין",FULL,false,false,"partial content → Vinst candidate"
"לחם_כוסמין_האופה",FULL,true,false,"partial content → Vinst candidate"
"לחם_שאור_כפרי_הנחתום_-_האתר_לחובבי_האפייה_בישראל",FULL,true,false,"partial content → Vinst candidate"
"לחם_שאור_כפרי_הנחתום_-_האתר_לחובבי_האפייה_בישראל_2",FULL,true,false,"partial content → Vinst candidate"
"לחמניות",FULL,false,false,"partial content → Vinst candidate"
"לילות_ביירות_–_(ליאלי_ביירות)_",FULL,false,false,"partial content → Vinst candidate"
"מוסקה_מעולה_של_רות_סירקיס",FULL,false,false,"partial content → Vinst candidate"
"ממרח_סלק-שקדים_Beet_almond_spread",FULL,false,false,"partial content → Vinst candidate"
"ממרח_סלק-שקדים_ממכר_-_ולנטינה_לוריא_-_דיאטנית_קלינית",FULL,true,false,"partial content → Vinst candidate"
"מעמול,_עוגיות_סולת_ממולאות_-_FeinCook_לבשל_כמו_שחלמתם",FULL,true,false,"partial content → Vinst candidate"
"מקלובה_טבעונית_עם_כרובית_וחצילים_-_סוגת_להכין_באהבה",FULL,true,false,"partial content → Vinst candidate"
"מתכון_גפילטע_פיש",STUB,false,false,"stub, no url → manual"
"מתכון_חצ'פורי_מהיר_במחבת",FULL,true,false,"partial content → Vinst candidate"
"מתכון_חצ'פורי_מהיר_במחבת_2",STUB,false,false,"stub, no url → manual"
"מתכון_לגבינה_בולגרית_ביתית_אמיתית",FULL,false,false,"partial content → Vinst candidate"
"מתכון_לגלידת_וניל_צרפתית_עם_בורבון_",CLEAN,false,true,"structured ingredients + steps present"
"מתכון_מג'דרה_בורגול_מתחילים_לאכול_בריא",STUB,false,false,"stub, no url → manual"
"מתכון_סלט_עדשים_שחורות_עם_בטטות_ופיצוחים",STUB,false,false,"stub, no url → manual"
"מתכון_סלט_עשבי_תיבול_ירוק_משגע_»_ספר_המתכונים_שלי",FULL,true,false,"partial content → Vinst candidate"
"מתכון_עוגיות_מחלב_עם_תאנים_ומוצרלה",FULL,true,false,"partial content → Vinst candidate"
"מתכון_עוגת_גבינה_יפנית",STUB,false,false,"stub, no url → manual"
"מתכון_עוגת_גזר,_צימוקים_ואגוזים",STUB,false,false,"stub, no url → manual"
"מתכונים_ב10_דקות_מרק_לקוסקוס_מושלם_-_מתכון_מרק_לקוסקוס_מנצח_-_מתכונים_ב-10_דקות",FULL,true,false,"partial content → Vinst candidate"
"עוגיות_בריאות_שיבולת_שועל",FULL,false,false,"partial content → Vinst candidate"
"עוגיות_בריאות_שיבולת_שועל_2",FULL,false,false,"partial content → Vinst candidate"
"עוגיות_בריאות_שיבולת_שועל_3",FULL,false,false,"partial content → Vinst candidate"
"עוגיות_מאכלב_מחלב",STUB,true,false,"stub w/ source url → URL import"
"עוגיות_מחלב",FULL,false,false,"partial content → Vinst candidate"
"עוגת הגבינה הניו-יורקית",CLEAN,false,false,"structured ingredients + steps present"
"עוגת_דלעת_ואגוזים",FULL,false,false,"partial content → Vinst candidate"
"עוגת_מוס_שוקולד",FULL,false,false,"partial content → Vinst candidate"
"פאי_שוקולד_עם_חלבה_פיסטוק_-_יפצ'וק_מבשלת_ואופה",CLEAN,true,false,"structured ingredients + steps present"
"פטיסייר",FULL,true,false,"partial content → Vinst candidate"
"קבנוס_בקר",CLEAN,false,false,"structured ingredients + steps present"
"קדירה_עם_בשר_מספר_8",FULL,false,false,"partial content → Vinst candidate"
"קובנה_כובנה",FULL,false,false,"partial content → Vinst candidate"
"קובנה_מחמצת",FULL,false,false,"partial content → Vinst candidate"
"קובנה_מחמצת_2",FULL,false,false,"partial content → Vinst candidate"
"קובנה_מחמצת_3",FULL,false,false,"partial content → Vinst candidate"
"קוגל_תא_עם_ירקות",FULL,false,false,"partial content → Vinst candidate"
"קממבר",PDF,true,true,"content likely in PDF: attachments/קממבר_1/קממבר.pdf"
"קנישעס",FULL,true,false,"partial content → Vinst candidate"
"קרם_פטיסייר_מהיר_במיקרוגל",FULL,false,false,"partial content → Vinst candidate"
"קרקר_כוסמין_מלא_עם_סלק",FULL,false,false,"partial content → Vinst candidate"
"קרקר_כוסמין_מלא_עם_סלק_2",FULL,false,false,"partial content → Vinst candidate"
"קרקר_תבעוני",FULL,false,false,"partial content → Vinst candidate"
"קרקר_תבעוני_2",FULL,false,false,"partial content → Vinst candidate"
"קרקרים",FULL,true,false,"partial content → Vinst candidate"
"שבלול_בורקס_ביתי_עם_תרד_וגבינות_-_נשואה_למאפייה",FULL,true,false,"partial content → Vinst candidate"
"תבשיל_בשר_בקר_עם_פטריות_-_מתכון_לצלי_כתף_מנצח!",FULL,true,false,"partial content → Vinst candidate"
"תבשיל_תפוחי_אדמה_וחצילים_ברוטב",FULL,false,false,"partial content → Vinst candidate"
"​Bim’s_Sourdough_Pizza",FULL,false,false,"partial content → Vinst candidate"